player_name,challenger_type,total_challenges,success_rate,cumulative_cRV,mean_cRV
Shea Langeliers,catcher,33,0.696969696969697,8.513666666666667,0.257989898989899
Edgar Quero,catcher,17,0.6470588235294118,6.475666666666667,0.380921568627451
Hunter Goodman,catcher,26,0.6923076923076923,6.204999999999999,0.23865384615384613
Carson Kelly,catcher,17,0.8823529411764706,5.453,0.32076470588235295
Victor Caratini,catcher,24,0.7916666666666666,5.316666666666666,0.22152777777777777
Carlos Narváez,catcher,18,0.8888888888888888,4.981333333333334,0.27674074074074073
Ryan Jeffers,catcher,24,0.625,4.8566666666666665,0.2023611111111111
Dillon Dingler,catcher,18,0.8888888888888888,4.833666666666667,0.268537037037037
Tyler Stephenson,catcher,22,0.8636363636363636,4.7603333333333335,0.2163787878787879
Francisco Alvarez,catcher,16,0.6875,4.681666666666667,0.29260416666666667
Jose Trevino,catcher,9,0.7777777777777778,4.658666666666667,0.5176296296296297
Iván Herrera,catcher,12,0.75,4.522,0.37683333333333335
Freddy Fermin,catcher,23,0.6086956521739131,4.380333333333334,0.19044927536231884
Austin Wells,catcher,22,0.5909090909090909,4.373333333333334,0.19878787878787882
Cal Raleigh,catcher,16,0.625,4.372,0.27325
Jonah Heim,catcher,19,0.7368421052631579,4.208666666666667,0.22150877192982457
Joe Mack,catcher,21,0.8095238095238095,4.096333333333333,0.19506349206349205
William Contreras,catcher,24,0.625,3.9186666666666667,0.16327777777777777
Brett Sullivan,catcher,13,0.7692307692307693,3.8979999999999997,0.2998461538461538
J.T. Realmuto,catcher,14,0.7857142857142857,3.851,0.2750714285714286
Connor Wong,catcher,15,0.8,3.789,0.2526
Henry Davis,catcher,16,0.8125,3.681333333333333,0.2300833333333333
Gabriel Moreno,catcher,8,0.75,3.5283333333333333,0.44104166666666667
Patrick Bailey,catcher,19,0.631578947368421,3.4850000000000003,0.18342105263157896
Nick Fortes,catcher,11,0.8181818181818182,3.2256666666666667,0.29324242424242425
Logan O'Hoppe,catcher,20,0.6,3.2056666666666667,0.16028333333333333
Salvador Perez,catcher,14,0.7142857142857143,3.2,0.2285714285714286
Pedro Pagés,catcher,17,0.5882352941176471,3.091666666666667,0.18186274509803924
Kyle Higashioka,catcher,10,0.9,3.058333333333333,0.3058333333333333
Gary Sánchez,catcher,9,1.0,3.003,0.33366666666666667
James McCann,catcher,10,0.9,2.934333333333333,0.2934333333333333
Bryan Reynolds,batter,6,0.8333333333333334,2.929333333333333,0.48822222222222217
Rafael Marchán,catcher,8,0.5,2.858666666666667,0.3573333333333334
Austin Hedges,catcher,16,0.625,2.8553333333333337,0.17845833333333336
Dalton Rushing,catcher,11,0.7272727272727273,2.624,0.23854545454545456
Drake Baldwin,catcher,9,0.7777777777777778,2.5683333333333334,0.2853703703703704
Cal Raleigh,batter,8,0.5,2.5116666666666667,0.31395833333333334
Christian Vázquez,catcher,21,0.42857142857142855,2.495,0.11880952380952381
Eli White,batter,4,0.5,2.4793333333333334,0.6198333333333333
Jhonny Pereda,catcher,5,0.6,2.425,0.485
Luis Torrens,catcher,14,0.7142857142857143,2.412,0.1722857142857143
Drew Romo,catcher,11,0.6363636363636364,2.371,0.21554545454545454
Samuel Basallo,catcher,13,0.6153846153846154,2.354,0.18107692307692308
Luis Campusano,catcher,11,0.36363636363636365,2.296333333333333,0.20875757575757573
Keibert Ruiz,catcher,12,0.6666666666666666,2.272333333333333,0.1893611111111111
Tyler Heineman,catcher,10,0.7,2.2173333333333334,0.22173333333333334
Alejandro Kirk,catcher,16,0.625,2.217,0.1385625
Brandon Valenzuela,catcher,6,0.8333333333333334,2.147666666666667,0.35794444444444445
Alex Jackson,catcher,8,0.75,2.102333333333333,0.26279166666666665
Elias Díaz,catcher,9,0.5555555555555556,2.0973333333333333,0.23303703703703704
Kyle Karros,batter,5,0.4,2.0753333333333335,0.4150666666666667
Sebastián Rivero,catcher,4,0.5,1.9573333333333334,0.48933333333333334
Daniel Susac,catcher,9,0.5555555555555556,1.7690000000000001,0.19655555555555557
J.C. Escarra,catcher,7,0.7142857142857143,1.7413333333333334,0.24876190476190477
Logan O'Hoppe,batter,3,0.3333333333333333,1.726,0.5753333333333334
Carson Kelly,batter,1,1.0,1.718,1.718
Carter Jensen,catcher,12,0.5,1.7129999999999999,0.14275
Yainer Diaz,catcher,12,0.5833333333333334,1.7033333333333331,0.14194444444444443
Austin Martin,batter,5,0.8,1.6980000000000002,0.3396
Liam Hicks,catcher,6,0.6666666666666666,1.6773333333333333,0.27955555555555556
Mitch Garver,catcher,10,0.8,1.6646666666666667,0.16646666666666668
Will Smith,catcher,8,0.75,1.5783333333333334,0.19729166666666667
Austin Wynns,catcher,6,0.6666666666666666,1.5096666666666667,0.2516111111111111
Jose Altuve,batter,3,0.3333333333333333,1.468,0.48933333333333334
Taylor Ward,batter,4,0.75,1.4186666666666667,0.3546666666666667
Sandy León,catcher,8,0.75,1.4166666666666667,0.17708333333333334
Matt McLain,batter,2,1.0,1.4060000000000001,0.7030000000000001
Miguel Amaya,catcher,9,0.4444444444444444,1.3726666666666665,0.1525185185185185
Adley Rutschman,catcher,10,0.7,1.3713333333333333,0.13713333333333333
Iván Herrera,batter,8,0.375,1.2760000000000002,0.15950000000000003
JJ Bleday,batter,3,0.6666666666666666,1.2663333333333333,0.4221111111111111
Kevin McGonigle,batter,5,0.6,1.2566666666666668,0.25133333333333335
Xavier Edwards,batter,3,0.6666666666666666,1.2406666666666666,0.4135555555555555
Travis Bazzana,batter,5,0.4,1.1776666666666666,0.23553333333333332
Leody Taveras,batter,5,0.4,1.1536666666666668,0.23073333333333337
Joey Bart,catcher,2,1.0,1.1520000000000001,0.5760000000000001
Vaughn Grissom,batter,2,0.5,1.129,0.5645
Ian Happ,batter,5,0.6,1.1173333333333333,0.22346666666666665
Drew Gilbert,batter,3,1.0,1.095,0.365
Ali Sánchez,catcher,7,0.5714285714285714,1.078,0.154
Christian Walker,batter,3,1.0,1.077,0.359
Jack Perkins,catcher,1,1.0,1.0750000000000002,1.0750000000000002
Danny Jansen,catcher,6,0.8333333333333334,1.04,0.17333333333333334
Colson Montgomery,batter,1,1.0,1.032,1.032
Mike Trout,batter,6,0.5,1.0216666666666667,0.17027777777777778
Elly De La Cruz,batter,2,0.5,0.9986666666666667,0.49933333333333335
Logan Porter,catcher,2,1.0,0.9490000000000001,0.47450000000000003
Jake Burger,batter,3,0.3333333333333333,0.932,0.3106666666666667
Harry Ford,catcher,5,0.8,0.907,0.1814
Nick Kurtz,batter,5,0.6,0.8973333333333334,0.1794666666666667
Jarren Duran,batter,4,0.5,0.8973333333333333,0.22433333333333333
Colton Cowser,batter,2,1.0,0.8860000000000001,0.44300000000000006
Dalton Rushing,batter,5,0.4,0.8713333333333334,0.17426666666666668
Isaac Paredes,batter,2,1.0,0.859,0.4295
Garrett Stubbs,catcher,3,1.0,0.856,0.2853333333333333
Chadwick Tromp,catcher,2,1.0,0.855,0.4275
Hunter Feduccia,catcher,13,0.3076923076923077,0.8426666666666669,0.06482051282051284
Freddie Freeman,batter,2,1.0,0.807,0.4035
Nick Loftin,batter,4,0.5,0.7726666666666667,0.19316666666666668
Matt Chapman,batter,6,0.3333333333333333,0.7716666666666667,0.12861111111111112
Tyler Soderstrom,batter,3,0.6666666666666666,0.7670000000000001,0.2556666666666667
Drew Millas,catcher,5,0.6,0.7423333333333333,0.14846666666666666
Nolan Schanuel,batter,6,0.5,0.7293333333333334,0.12155555555555557
Jimmy Crooks,catcher,4,0.75,0.7283333333333333,0.18208333333333332
Starling Marte,batter,2,0.5,0.718,0.359
Drew Romo,batter,1,1.0,0.718,0.718
Blas Castaño,catcher,1,1.0,0.718,0.718
Ryan Helsley,catcher,1,1.0,0.7050000000000001,0.7050000000000001
Brian Serven,catcher,1,1.0,0.7050000000000001,0.7050000000000001
Nick Madrigal,batter,1,1.0,0.7050000000000001,0.7050000000000001
Pedro Ramírez,batter,2,0.5,0.6883333333333334,0.3441666666666667
Rodolfo Durán,catcher,4,0.75,0.6756666666666666,0.16891666666666666
Isiah Kiner-Falefa,batter,2,1.0,0.66,0.33
Will Smith,batter,2,0.5,0.655,0.3275
Brian Navarreto,catcher,2,1.0,0.652,0.326
P.J. Higgins,catcher,2,1.0,0.645,0.3225
Owen Caissie,batter,3,0.3333333333333333,0.6286666666666666,0.20955555555555552
Gabriel Moreno,batter,1,1.0,0.627,0.627
George Lombard Jr.,batter,1,1.0,0.627,0.627
Jackson Merrill,batter,1,1.0,0.627,0.627
Nicky Lopez,batter,1,1.0,0.627,0.627
Jordan Beck,batter,1,1.0,0.627,0.627
Aaron Judge,batter,1,1.0,0.627,0.627
Carlos Correa,batter,1,1.0,0.627,0.627
Ben Rice,batter,4,0.5,0.625,0.15625
Andrés Chaparro,batter,1,1.0,0.6240000000000001,0.6240000000000001
Esteury Ruiz,batter,5,0.4,0.624,0.1248
Jorge Barrosa,batter,3,0.3333333333333333,0.618,0.206
Bobby Witt Jr.,batter,6,0.16666666666666666,0.6153333333333334,0.10255555555555557
Brayan Rocchio,batter,4,0.5,0.6126666666666667,0.15316666666666667
Connor Norby,batter,2,0.5,0.6103333333333333,0.30516666666666664
Javier Báez,batter,2,0.5,0.6103333333333333,0.30516666666666664
Christian Yelich,batter,2,0.5,0.5936666666666667,0.29683333333333334
Bryce Eldridge,batter,3,0.6666666666666666,0.5790000000000001,0.19300000000000003
Mickey Gasper,catcher,2,0.5,0.5740000000000001,0.28700000000000003
Willson Contreras,batter,9,0.2222222222222222,0.555,0.061666666666666675
Caleb Durbin,batter,5,0.2,0.555,0.11100000000000002
José Caballero,batter,4,0.5,0.5456666666666667,0.13641666666666669
Pete Crow-Armstrong,batter,3,0.3333333333333333,0.5436666666666666,0.1812222222222222
Jake Bauers,batter,3,0.3333333333333333,0.5436666666666666,0.1812222222222222
Tommy Edman,batter,3,0.3333333333333333,0.527,0.17566666666666667
Marcell Ozuna,batter,4,0.5,0.522,0.1305
Coby Mayo,batter,2,0.5,0.5103333333333333,0.25516666666666665
Leo Rivas,batter,4,0.25,0.5013333333333333,0.12533333333333332
Josh Bell,batter,3,0.6666666666666666,0.4976666666666668,0.16588888888888895
Vladimir Guerrero Jr.,batter,3,0.3333333333333333,0.4883333333333334,0.1627777777777778
CJ Abrams,batter,3,0.6666666666666666,0.4826666666666667,0.1608888888888889
Pavin Smith,batter,2,0.5,0.479,0.2395
Kyle Teel,catcher,4,0.75,0.4680000000000001,0.11700000000000002
Agustín Ramírez,catcher,4,0.75,0.464,0.116
Henry Bolte,batter,4,0.25,0.46033333333333337,0.11508333333333334
Roman Anthony,batter,1,1.0,0.458,0.458
Jake McCarthy,batter,1,1.0,0.458,0.458
Alejandro Osuna,batter,1,1.0,0.458,0.458
Alex Bregman,batter,5,0.2,0.44366666666666665,0.08873333333333333
Ozzie Albies,batter,5,0.2,0.44366666666666665,0.08873333333333333
Ryan Vilade,batter,3,0.3333333333333333,0.44133333333333336,0.1471111111111111
Sam Antonacci,batter,2,0.5,0.44133333333333336,0.22066666666666668
Alex Freeland,batter,2,0.5,0.44133333333333336,0.22066666666666668
Byron Buxton,batter,5,0.4,0.43699999999999994,0.08739999999999999
Ke'Bryan Hayes,batter,1,1.0,0.42800000000000005,0.42800000000000005
César Salazar,batter,1,1.0,0.42800000000000005,0.42800000000000005
Andrew McCutchen,batter,1,1.0,0.42800000000000005,0.42800000000000005
TJ Friedl,batter,2,0.5,0.42800000000000005,0.21400000000000002
Wenceel Pérez,batter,2,0.5,0.42300000000000004,0.21150000000000002
Stuart Fairchild,batter,3,0.6666666666666666,0.39433333333333337,0.13144444444444445
David Fry,batter,5,0.4,0.3753333333333334,0.07506666666666668
Eduard Bazardo,catcher,1,1.0,0.368,0.368
James Outman,batter,4,0.25,0.36033333333333334,0.09008333333333333
Ronald Acuña Jr.,batter,5,0.2,0.36033333333333334,0.07206666666666667
Tristan Gray,batter,2,0.5,0.35800000000000004,0.17900000000000002
Andrés Giménez,batter,2,0.5,0.35800000000000004,0.17900000000000002
Salvador Perez,batter,1,1.0,0.347,0.347
Vinnie Pasquantino,batter,1,1.0,0.347,0.347
Edmundo Sosa,batter,1,1.0,0.347,0.347
Pete Alonso,batter,3,0.3333333333333333,0.34466666666666673,0.11488888888888892
Mauricio Dubón,batter,3,0.3333333333333333,0.34466666666666673,0.11488888888888892
Hayden Senger,catcher,3,0.3333333333333333,0.34466666666666673,0.11488888888888892
Randy Arozarena,batter,8,0.25,0.34333333333333343,0.04291666666666668
Bo Naylor,catcher,5,0.4,0.3236666666666667,0.06473333333333334
James Wood,batter,2,0.5,0.31366666666666665,0.15683333333333332
Kody Clemens,batter,2,0.5,0.31366666666666665,0.15683333333333332
Max Schuemann,batter,3,0.3333333333333333,0.3133333333333334,0.10444444444444446
Bryson Stott,batter,3,0.6666666666666666,0.3106666666666667,0.10355555555555557
Victor Caratini,batter,2,1.0,0.30900000000000005,0.15450000000000003
Ryan Waldschmidt,batter,2,0.5,0.3060000000000001,0.15300000000000005
Nationals,catcher,1,1.0,0.30400000000000005,0.30400000000000005
Jac Caglianone,batter,2,0.5,0.297,0.1485
Carson Benge,batter,3,0.6666666666666666,0.29233333333333333,0.09744444444444444
Junior Caminero,batter,5,0.2,0.28833333333333344,0.057666666666666686
Jeferson Quero,catcher,1,1.0,0.28,0.28
Moisés Ballesteros,catcher,1,1.0,0.28,0.28
Calvin Faucher,catcher,1,1.0,0.28,0.28
Adrian Del Castillo,catcher,2,1.0,0.26699999999999996,0.13349999999999998
Hunter Goodman,batter,3,0.3333333333333333,0.24699999999999997,0.08233333333333333
George Kirby,catcher,1,1.0,0.241,0.241
Tyrone Taylor,batter,1,1.0,0.232,0.232
Colt Emerson,batter,2,0.5,0.232,0.116
Jakob Marsee,batter,6,0.3333333333333333,0.23066666666666663,0.03844444444444444
Samuel Basallo,batter,3,0.3333333333333333,0.23033333333333333,0.07677777777777778
Rafael Flores Jr.,catcher,1,1.0,0.227,0.227
Drew Anderson,catcher,1,1.0,0.227,0.227
Wade Meckler,batter,4,0.5,0.22666666666666674,0.056666666666666685
Sean Murphy,catcher,3,0.6666666666666666,0.22366666666666668,0.07455555555555556
Jackson Holliday,batter,2,0.5,0.22333333333333338,0.11166666666666669
Wilyer Abreu,batter,4,0.25,0.21133333333333337,0.05283333333333334
Jeremiah Jackson,batter,2,0.5,0.20899999999999996,0.10449999999999998
Austin Slater,batter,2,0.5,0.20899999999999996,0.10449999999999998
Juan Soto,batter,3,0.6666666666666666,0.2066666666666667,0.0688888888888889
Luke Keaschall,batter,6,0.3333333333333333,0.206,0.034333333333333334
Ryan Jeffers,batter,1,1.0,0.201,0.201
Trevor Larnach,batter,2,0.5,0.201,0.1005
Ernie Clement,batter,1,1.0,0.201,0.201
Brent Rooker,batter,3,0.3333333333333333,0.201,0.067
JJ Wetherholt,batter,1,1.0,0.196,0.196
Jo Adell,batter,4,0.25,0.19466666666666674,0.048666666666666684
Drew Cavanaugh,catcher,1,1.0,0.194,0.194
Luis García Jr.,batter,2,0.5,0.19000000000000006,0.09500000000000003
Taylor Trammell,batter,2,0.5,0.18966666666666665,0.09483333333333333
Max Muncy,batter,5,0.2,0.17800000000000007,0.035600000000000014
Endy Rodríguez,catcher,3,0.3333333333333333,0.17733333333333334,0.059111111111111114
Trea Turner,batter,8,0.125,0.17700000000000005,0.022125000000000006
Ezequiel Tovar,batter,2,0.5,0.17333333333333337,0.08666666666666668
Reese McGuire,catcher,2,0.5,0.163,0.0815
Nico Hoerner,batter,3,0.6666666666666666,0.1583333333333333,0.052777777777777764
Kyle Stowers,batter,5,0.2,0.15800000000000006,0.03160000000000001
Miguel Vargas,batter,6,0.16666666666666666,0.15133333333333332,0.02522222222222222
A.J. Ewing,batter,3,0.3333333333333333,0.1486666666666667,0.04955555555555557
Miguel Rojas,batter,4,0.25,0.147,0.03675
Andy Pages,batter,5,0.2,0.1396666666666667,0.027933333333333338
Andruw Monasterio,batter,3,0.3333333333333333,0.132,0.044000000000000004
Curtis Mead,batter,4,0.25,0.12800000000000006,0.032000000000000015
Sam Huff,catcher,1,1.0,0.124,0.124
Ryan Watson,catcher,1,1.0,0.124,0.124
Will Benson,batter,1,1.0,0.11400000000000005,0.11400000000000005
Ha-Seong Kim,batter,1,1.0,0.10800000000000001,0.10800000000000001
Tyler Stephenson,batter,1,1.0,0.10800000000000001,0.10800000000000001
Kyle Schwarber,batter,6,0.16666666666666666,0.10633333333333356,0.01772222222222226
Riley Greene,batter,2,0.5,0.09733333333333338,0.04866666666666669
Geraldo Perdomo,batter,4,0.25,0.09699999999999999,0.024249999999999997
Chase Meidroth,batter,4,0.25,0.0923333333333333,0.023083333333333324
Eduardo Valencia,catcher,1,1.0,0.092,0.092
Carlos Rodón,catcher,1,1.0,0.092,0.092
Davis Schneider,batter,2,0.5,0.08433333333333334,0.04216666666666667
Jake Rogers,catcher,4,0.5,0.084,0.021
Heliot Ramos,batter,3,0.3333333333333333,0.07933333333333335,0.02644444444444445
Kyle Freeland,catcher,2,0.5,0.07400000000000001,0.037000000000000005
Eric Haase,catcher,2,0.5,0.07400000000000001,0.037000000000000005
Cole Young,batter,5,0.2,0.068,0.013600000000000001
Travis d'Arnaud,catcher,2,0.5,0.06366666666666664,0.03183333333333332
Garrett Mitchell,batter,6,0.16666666666666666,0.06133333333333336,0.010222222222222226
Oswald Peraza,batter,8,0.125,0.048666666666666684,0.0060833333333333356
Zach Neto,batter,6,0.16666666666666666,0.046999999999999986,0.007833333333333331
Mookie Betts,batter,4,0.25,0.030333333333333316,0.007583333333333329
Wyatt Langford,batter,8,0.125,0.028000000000000073,0.003500000000000009
Jorge Soler,batter,5,0.2,0.015333333333333365,0.0030666666666666733
Victor Scott II,batter,1,0.0,0.0,0.0
Carlos Cortes,batter,1,0.0,0.0,0.0
Dansby Swanson,batter,1,0.0,0.0,0.0
Alejandro Kirk,batter,1,0.0,0.0,0.0
Kyle Isbel,batter,1,0.0,0.0,0.0
Zach McKinstry,batter,2,0.0,0.0,0.0
Luis Rengifo,batter,2,0.0,0.0,0.0
Matt Shaw,batter,1,0.0,0.0,0.0
Michael Conforto,batter,1,0.0,0.0,0.0
Lars Nootbaar,batter,1,0.0,0.0,0.0
J.P. Crawford,batter,2,0.0,0.0,0.0
Hao-Yu Lee,batter,2,0.0,0.0,0.0
Gunnar Henderson,batter,3,0.0,0.0,0.0
Colby Thomas,batter,1,0.0,0.0,0.0
Spencer Steer,batter,1,0.0,0.0,0.0
Alex Jackson,batter,1,0.0,0.0,0.0
Pedro Pagés,batter,1,0.0,0.0,0.0
Harrison Bader,batter,1,0.0,0.0,0.0
Nick Allen,batter,2,0.0,0.0,0.0
Osvaldo Bido,catcher,1,0.0,0.0,0.0
Jose Siri,batter,1,0.0,0.0,0.0
Gregory Soto,catcher,2,0.0,0.0,0.0
Miguel Amaya,batter,1,0.0,0.0,0.0
Sal Stewart,batter,3,0.3333333333333333,-0.0013333333333333114,-0.00044444444444443715
Dominic Smith,batter,4,0.25,-0.0013333333333333114,-0.00033333333333332785
Rafael Devers,batter,3,0.3333333333333333,-0.008333333333333325,-0.002777777777777775
Bryce Harper,batter,4,0.25,-0.010333333333333347,-0.002583333333333337
Gabriel Arias,batter,1,0.0,-0.016666666666666666,-0.016666666666666666
Shea Langeliers,batter,1,0.0,-0.016666666666666666,-0.016666666666666666
Tyler Heineman,,1,0.0,-0.016666666666666666,-0.016666666666666666
Zach Pop,catcher,1,0.0,-0.016666666666666666,-0.016666666666666666
Corbin Carroll,batter,1,0.0,-0.016666666666666666,-0.016666666666666666
Carter Jensen,,1,0.0,-0.016666666666666666,-0.016666666666666666
Thomas Saggese,batter,1,0.0,-0.016666666666666666,-0.016666666666666666
Francisco Lindor,batter,1,0.0,-0.016666666666666666,-0.016666666666666666
Nathaniel Lowe,batter,3,0.0,-0.016666666666666666,-0.005555555555555556
Jhonny Pereda,batter,1,0.0,-0.016666666666666666,-0.016666666666666666
Jimmy Crooks,batter,1,0.0,-0.016666666666666666,-0.016666666666666666
Jakob Junis,catcher,1,0.0,-0.016666666666666666,-0.016666666666666666
Ildemaro Vargas,batter,1,0.0,-0.016666666666666666,-0.016666666666666666
Jake Cronenworth,batter,1,0.0,-0.016666666666666666,-0.016666666666666666
Jahmai Jones,batter,2,0.0,-0.016666666666666666,-0.008333333333333333
Joe Mack,batter,2,0.0,-0.016666666666666666,-0.008333333333333333
Buddy Kennedy,batter,1,0.0,-0.016666666666666666,-0.016666666666666666
Bryan Abreu,catcher,1,0.0,-0.016666666666666666,-0.016666666666666666
Jorge Polanco,batter,2,0.0,-0.016666666666666666,-0.008333333333333333
Konnor Griffin,batter,2,0.0,-0.016666666666666666,-0.008333333333333333
Liam Hicks,batter,1,0.0,-0.016666666666666666,-0.016666666666666666
Alex Call,batter,1,0.0,-0.016666666666666666,-0.016666666666666666
Alec Burleson,batter,1,0.0,-0.016666666666666666,-0.016666666666666666
Blake Dunn,batter,4,0.25,-0.02533333333333332,-0.00633333333333333
Tyler Tolbert,batter,1,0.0,-0.03333333333333333,-0.03333333333333333
Leo Jiménez,batter,1,0.0,-0.03333333333333333,-0.03333333333333333
Julio Rodríguez,batter,2,0.0,-0.03333333333333333,-0.016666666666666666
Bryan Torres,batter,2,0.0,-0.03333333333333333,-0.016666666666666666
Adley Rutschman,batter,2,0.0,-0.03333333333333333,-0.016666666666666666
Roddery Muñoz,catcher,1,0.0,-0.03333333333333333,-0.03333333333333333
Elvis Alvarado,catcher,1,0.0,-0.03333333333333333,-0.03333333333333333
Oswaldo Cabrera,batter,1,0.0,-0.03333333333333333,-0.03333333333333333
Sonny Gray,catcher,1,0.0,-0.03333333333333333,-0.03333333333333333
Dennis Santana,catcher,1,0.0,-0.03333333333333333,-0.03333333333333333
Tyler Gilbert,catcher,1,0.0,-0.03333333333333333,-0.03333333333333333
Troy Johnston,batter,2,0.0,-0.03333333333333333,-0.016666666666666666
Carter Jensen,batter,1,0.0,-0.03333333333333333,-0.03333333333333333
Joc Pederson,batter,1,0.0,-0.03333333333333333,-0.03333333333333333
Nick Castellanos,batter,1,0.0,-0.03333333333333333,-0.03333333333333333
Miguel Andujar,batter,1,0.0,-0.03333333333333333,-0.03333333333333333
Fernando Tatis Jr.,batter,1,0.0,-0.03333333333333333,-0.03333333333333333
Victor Mesa Jr.,batter,2,0.5,-0.03399999999999999,-0.016999999999999994
Josh Naylor,batter,3,0.3333333333333333,-0.03733333333333333,-0.012444444444444444
Weston Wilson,batter,1,0.0,-0.049999999999999996,-0.049999999999999996
Yohan Ramírez,catcher,1,0.0,-0.049999999999999996,-0.049999999999999996
Brandon Lockridge,batter,1,0.0,-0.049999999999999996,-0.049999999999999996
Jonny DeLuca,batter,1,0.0,-0.049999999999999996,-0.049999999999999996
Brenton Doyle,batter,1,0.0,-0.049999999999999996,-0.049999999999999996
Adolis García,batter,1,0.0,-0.049999999999999996,-0.049999999999999996
Kris Bubic,catcher,1,0.0,-0.049999999999999996,-0.049999999999999996
Jarred Kelenic,batter,1,0.0,-0.049999999999999996,-0.049999999999999996
Brandon Nimmo,batter,3,0.0,-0.049999999999999996,-0.016666666666666666
Joey Loperfido,batter,1,0.0,-0.049999999999999996,-0.049999999999999996
Angel Chivilli,catcher,1,0.0,-0.049999999999999996,-0.049999999999999996
Teoscar Hernández,batter,3,0.0,-0.049999999999999996,-0.016666666666666666
Nolan Gorman,batter,1,0.0,-0.049999999999999996,-0.049999999999999996
Jesus Rodriguez,catcher,1,0.0,-0.049999999999999996,-0.049999999999999996
Nathan Church,batter,2,0.0,-0.049999999999999996,-0.024999999999999998
Edwin Arroyo,batter,1,0.0,-0.049999999999999996,-0.049999999999999996
Ty France,batter,2,0.0,-0.05,-0.025
Zack Gelof,batter,2,0.0,-0.05,-0.025
Matt Olson,batter,7,0.14285714285714285,-0.05266666666666661,-0.007523809523809516
Xander Bogaerts,batter,4,0.25,-0.06233333333333338,-0.015583333333333345
Jeff McNeil,batter,1,0.0,-0.06666666666666667,-0.06666666666666667
Miles Mastrobuoni,batter,1,0.0,-0.06666666666666667,-0.06666666666666667
Jonah Heim,batter,1,0.0,-0.06666666666666667,-0.06666666666666667
Paul Goldschmidt,batter,2,0.0,-0.06666666666666667,-0.03333333333333333
Matthew Liberatore,catcher,1,0.0,-0.06666666666666667,-0.06666666666666667
Kerry Carpenter,batter,1,0.0,-0.06666666666666667,-0.06666666666666667
Michael Busch,batter,4,0.0,-0.06666666666666667,-0.016666666666666666
Brett Sullivan,batter,1,0.0,-0.06666666666666667,-0.06666666666666667
Gabriel Rincones Jr.,batter,1,0.0,-0.06666666666666667,-0.06666666666666667
Corey Seager,batter,1,0.0,-0.06666666666666667,-0.06666666666666667
Graham Pauley,batter,2,0.0,-0.06666666666666667,-0.03333333333333333
Gary Sánchez,batter,2,0.0,-0.06666666666666667,-0.03333333333333333
Eugenio Suárez,batter,2,0.0,-0.06666666666666667,-0.03333333333333333
Francisco Alvarez,batter,2,0.0,-0.06666666666666667,-0.03333333333333333
Samad Taylor,batter,1,0.0,-0.06666666666666667,-0.06666666666666667
Tyler Freeman,batter,3,0.0,-0.06666666666666667,-0.022222222222222223
Ketel Marte,batter,2,0.0,-0.08333333333333333,-0.041666666666666664
Brice Matthews,batter,1,0.0,-0.08333333333333333,-0.08333333333333333
Kyle Manzardo,batter,1,0.0,-0.08333333333333333,-0.08333333333333333
Alec Bohm,batter,1,0.0,-0.08333333333333333,-0.08333333333333333
Luis Robert Jr.,batter,2,0.0,-0.08333333333333333,-0.041666666666666664
LuJames Groover,batter,1,0.0,-0.08333333333333333,-0.08333333333333333
Edouard Julien,batter,5,0.0,-0.08333333333333333,-0.016666666666666666
Denzer Guzman,batter,1,0.0,-0.08333333333333333,-0.08333333333333333
Derek Hill,batter,2,0.0,-0.08333333333333333,-0.041666666666666664
Andrew Benintendi,batter,2,0.0,-0.08333333333333333,-0.041666666666666664
Osleivis Basabe,batter,1,0.0,-0.08333333333333333,-0.08333333333333333
Sterlin Thompson,batter,1,0.0,-0.08333333333333333,-0.08333333333333333
Gavin Sheets,batter,1,0.0,-0.08333333333333333,-0.08333333333333333
Sean Burke,catcher,1,0.0,-0.08333333333333333,-0.08333333333333333
Jesús Sánchez,batter,2,0.0,-0.08333333333333333,-0.041666666666666664
Braxton Ashcraft,catcher,1,0.0,-0.08333333333333333,-0.08333333333333333
Jake Rogers,batter,3,0.0,-0.08333333333333333,-0.027777777777777776
Hunter Feduccia,batter,1,0.0,-0.08333333333333333,-0.08333333333333333
Jake Mangum,batter,3,0.0,-0.08333333333333333,-0.027777777777777776
Luke Raley,batter,1,0.0,-0.08333333333333333,-0.08333333333333333
George Springer,batter,5,0.2,-0.08466666666666664,-0.016933333333333328
Mark Vientos,batter,4,0.25,-0.09433333333333335,-0.023583333333333338
Marcus Semien,batter,5,0.2,-0.09899999999999998,-0.019799999999999995
Hyeseong Kim,batter,1,0.0,-0.09999999999999999,-0.09999999999999999
Dane Myers,batter,3,0.0,-0.09999999999999999,-0.03333333333333333
Jake Meyers,batter,2,0.0,-0.09999999999999999,-0.049999999999999996
Nick Fortes,batter,2,0.0,-0.09999999999999999,-0.049999999999999996
Heriberto Hernández,batter,3,0.0,-0.09999999999999999,-0.03333333333333333
Chandler Simpson,batter,2,0.0,-0.09999999999999999,-0.049999999999999996
Drew Cavanaugh,batter,1,0.0,-0.09999999999999999,-0.09999999999999999
Colt Keith,batter,3,0.0,-0.09999999999999999,-0.03333333333333333
Rhys Hoskins,batter,1,0.0,-0.09999999999999999,-0.09999999999999999
Austin Wells,batter,2,0.0,-0.09999999999999999,-0.049999999999999996
Myles Straw,batter,2,0.0,-0.09999999999999999,-0.049999999999999996
Lane Thomas,batter,3,0.0,-0.1,-0.03333333333333333
Jasson Domínguez,batter,2,0.0,-0.1,-0.05
Spencer Horwitz,batter,2,0.0,-0.11666666666666667,-0.058333333333333334
Cole Carrigg,batter,1,0.0,-0.11666666666666667,-0.11666666666666667
George Valera,batter,1,0.0,-0.11666666666666667,-0.11666666666666667
J.T. Realmuto,batter,1,0.0,-0.11666666666666667,-0.11666666666666667
Bo Naylor,batter,1,0.0,-0.11666666666666667,-0.11666666666666667
Nolan Arenado,batter,1,0.0,-0.11666666666666667,-0.11666666666666667
Everson Pereira,batter,1,0.0,-0.11666666666666667,-0.11666666666666667
Spencer Torkelson,batter,2,0.0,-0.11666666666666667,-0.058333333333333334
Dominic Canzone,batter,1,0.0,-0.11666666666666667,-0.11666666666666667
Freddy Peralta,catcher,1,0.0,-0.11666666666666667,-0.11666666666666667
José Tena,batter,2,0.0,-0.11666666666666667,-0.058333333333333334
Justin Crawford,batter,6,0.0,-0.11666666666666667,-0.019444444444444445
Kahlil Watson,batter,1,0.0,-0.11666666666666667,-0.11666666666666667
Justin Foscue,batter,2,0.0,-0.11666666666666667,-0.058333333333333334
Marcelo Mayer,batter,2,0.0,-0.11666666666666667,-0.058333333333333334
Max Meyer,catcher,1,0.0,-0.11666666666666667,-0.11666666666666667
Lourdes Gurriel Jr.,batter,1,0.0,-0.11666666666666667,-0.11666666666666667
Alan Roden,batter,1,0.0,-0.11666666666666667,-0.11666666666666667
José Ramírez,batter,3,0.0,-0.11666666666666667,-0.03888888888888889
Luis Lara,batter,1,0.0,-0.11666666666666667,-0.11666666666666667
Victor Bericoto,batter,1,0.0,-0.13333333333333333,-0.13333333333333333
Kyle Teel,batter,1,0.0,-0.13333333333333333,-0.13333333333333333
José Fermín,batter,3,0.0,-0.13333333333333333,-0.044444444444444446
Bubba Chandler,catcher,1,0.0,-0.13333333333333333,-0.13333333333333333
Yordan Alvarez,batter,1,0.0,-0.13333333333333333,-0.13333333333333333
Michael Harris II,batter,1,0.0,-0.13333333333333333,-0.13333333333333333
Nasim Nuñez,batter,2,0.0,-0.13333333333333333,-0.06666666666666667
Mitch Garver,batter,2,0.0,-0.13333333333333333,-0.06666666666666667
Brandon Lowe,batter,1,0.0,-0.13333333333333333,-0.13333333333333333
Otto Lopez,batter,2,0.0,-0.13333333333333333,-0.06666666666666667
Anthony Volpe,batter,2,0.0,-0.13333333333333333,-0.06666666666666667
Tyler Mahle,catcher,1,0.0,-0.13333333333333333,-0.13333333333333333
Daylen Lile,batter,1,0.0,-0.13333333333333333,-0.13333333333333333
Blaze Alexander,batter,4,0.0,-0.13333333333333333,-0.03333333333333333
Isaac Collins,batter,9,0.1111111111111111,-0.13466666666666666,-0.014962962962962963
Chase DeLauter,batter,4,0.0,-0.14999999999999997,-0.03749999999999999
Christian Vázquez,batter,3,0.0,-0.15,-0.049999999999999996
Jared Young,batter,3,0.0,-0.15,-0.049999999999999996
Esmerlyn Valdez,batter,2,0.0,-0.15,-0.075
Austin Riley,batter,3,0.0,-0.15,-0.049999999999999996
Jazz Chisholm Jr.,batter,3,0.0,-0.16666666666666666,-0.05555555555555555
Matt Wallner,batter,2,0.0,-0.16666666666666666,-0.08333333333333333
David Hamilton,batter,2,0.0,-0.16666666666666666,-0.08333333333333333
Ramón Laureano,batter,2,0.0,-0.16666666666666666,-0.08333333333333333
Shohei Ohtani,batter,2,0.0,-0.16666666666666666,-0.08333333333333333
Kyle Tucker,batter,3,0.0,-0.18333333333333332,-0.06111111111111111
William Contreras,batter,2,0.0,-0.18333333333333332,-0.09166666666666666
Daniel Schneemann,batter,2,0.0,-0.18333333333333332,-0.09166666666666666
Jackson Chourio,batter,3,0.0,-0.18333333333333332,-0.06111111111111111
Dillon Dingler,batter,2,0.0,-0.18333333333333332,-0.09166666666666666
Victor Robles,batter,2,0.0,-0.2,-0.1
Jung Hoo Lee,batter,2,0.0,-0.2,-0.1
Seiya Suzuki,batter,3,0.0,-0.2,-0.06666666666666667
Rafael Flores Jr.,batter,2,0.0,-0.2,-0.1
Gleyber Torres,batter,2,0.0,-0.2,-0.1
Tristan Peters,batter,3,0.0,-0.21666666666666667,-0.07222222222222223
Angel Martínez,batter,3,0.0,-0.21666666666666667,-0.07222222222222223
Agustín Ramírez,batter,2,0.0,-0.23333333333333334,-0.11666666666666667
Evan Carter,batter,2,0.0,-0.23333333333333334,-0.11666666666666667
Oneil Cruz,batter,2,0.0,-0.23333333333333334,-0.11666666666666667
Kazuma Okamoto,batter,3,0.0,-0.23333333333333334,-0.07777777777777778
Taylor Walls,batter,4,0.0,-0.23333333333333334,-0.058333333333333334
Sal Frelick,batter,4,0.25,-0.242,-0.0605
Trent Grisham,batter,3,0.0,-0.24999999999999997,-0.08333333333333333
Yoán Moncada,batter,3,0.0,-0.25,-0.08333333333333333
Manny Machado,batter,4,0.0,-0.25,-0.0625
Cody Bellinger,batter,2,0.0,-0.25,-0.125
Mike Yastrzemski,batter,3,0.0,-0.25,-0.08333333333333333
Ezequiel Duran,batter,2,0.0,-0.25,-0.125
Endy Rodríguez,batter,4,0.0,-0.25,-0.0625
Jorbit Vivas,batter,4,0.0,-0.2666666666666666,-0.06666666666666665
Cam Smith,batter,4,0.0,-0.26666666666666666,-0.06666666666666667
Nick Gonzales,batter,2,0.0,-0.26666666666666666,-0.13333333333333333
Munetaka Murakami,batter,3,0.0,-0.26666666666666666,-0.08888888888888889
Maikel Garcia,batter,3,0.0,-0.2833333333333333,-0.09444444444444444
Luis Campusano,batter,3,0.0,-0.2833333333333333,-0.09444444444444444
Lawrence Butler,batter,4,0.0,-0.2833333333333333,-0.07083333333333333
Jorge Mateo,batter,5,0.0,-0.3,-0.06
Casey Schmitt,batter,4,0.0,-0.3,-0.075
Jonathan Aranda,batter,5,0.0,-0.3,-0.06
Jacob Wilson,batter,4,0.0,-0.3,-0.075
Bo Bichette,batter,3,0.0,-0.3333333333333333,-0.1111111111111111
Steven Kwan,batter,6,0.16666666666666666,-0.34199999999999997,-0.056999999999999995
Josh Jung,batter,5,0.0,-0.35,-0.06999999999999999
Ceddanne Rafaela,batter,5,0.0,-0.36666666666666664,-0.07333333333333333
Jake Fraley,batter,4,0.0,-0.3833333333333333,-0.09583333333333333
Willi Castro,batter,7,0.0,-0.43333333333333335,-0.06190476190476191
Jordan Walker,batter,5,0.0,-0.44999999999999996,-0.09
Willy Adames,batter,6,0.0,-0.4833333333333333,-0.08055555555555555
Ryan O'Hearn,batter,5,0.0,-0.5666666666666667,-0.11333333333333333
