base_state,outs,count_state,expected_runs,sample_size
000,0,0-0,0.499,32676
000,0,0-1,0.449,16695
000,0,0-2,0.398,8560
000,0,1-0,0.545,12336
000,0,1-1,0.482,13102
000,0,1-2,0.412,12695
000,0,2-0,0.639,4096
000,0,2-1,0.551,6665
000,0,2-2,0.459,10828
000,0,3-0,0.79,1285
000,0,3-1,0.683,2732
000,0,3-2,0.545,6395
000,1,0-0,0.265,23755
000,1,0-1,0.237,12302
000,1,0-2,0.189,6472
000,1,1-0,0.301,8974
000,1,1-1,0.26,9487
000,1,1-2,0.22,9441
000,1,2-0,0.38,2990
000,1,2-1,0.307,4822
000,1,2-2,0.263,7886
000,1,3-0,0.507,977
000,1,3-1,0.414,1996
000,1,3-2,0.327,4762
000,2,0-0,0.1,18752
000,2,0-1,0.084,9722
000,2,0-2,0.064,5065
000,2,1-0,0.119,7107
000,2,1-1,0.095,7618
000,2,1-2,0.07,7401
000,2,2-0,0.145,2399
000,2,2-1,0.121,4029
000,2,2-2,0.092,6543
000,2,3-0,0.187,739
000,2,3-1,0.166,1680
000,2,3-2,0.124,4114
001,0,0-0,1.497,181
001,0,0-1,1.372,86
001,0,0-2,1.22,50
001,0,1-0,1.54,87
001,0,1-1,1.629,97
001,0,1-2,1.234,77
001,0,2-0,1.485,33
001,0,2-1,1.723,65
001,0,2-2,1.448,87
001,0,3-0,1.2,10
001,0,3-1,1.784,37
001,0,3-2,1.556,81
001,1,0-0,0.926,969
001,1,0-1,0.849,450
001,1,0-2,0.713,254
001,1,1-0,0.929,436
001,1,1-1,0.913,378
001,1,1-2,0.753,380
001,1,2-0,0.938,194
001,1,2-1,0.973,219
001,1,2-2,0.929,351
001,1,3-0,0.768,95
001,1,3-1,0.782,110
001,1,3-2,0.919,246
001,2,0-0,0.385,1695
001,2,0-1,0.344,788
001,2,0-2,0.296,436
001,2,1-0,0.414,770
001,2,1-1,0.369,700
001,2,1-2,0.317,657
001,2,2-0,0.419,315
001,2,2-1,0.371,415
001,2,2-2,0.278,679
001,2,3-0,0.577,149
001,2,3-1,0.571,175
001,2,3-2,0.385,478
010,0,0-0,1.174,2058
010,0,0-1,1.098,1043
010,0,0-2,1.055,581
010,0,1-0,1.245,812
010,0,1-1,1.108,796
010,0,1-2,1.077,874
010,0,2-0,1.228,355
010,0,2-1,1.198,465
010,0,2-2,1.137,816
010,0,3-0,1.279,140
010,0,3-1,1.429,210
010,0,3-2,1.369,529
010,1,0-0,0.685,3128
010,1,0-1,0.609,1502
010,1,0-2,0.536,845
010,1,1-0,0.746,1436
010,1,1-1,0.665,1360
010,1,1-2,0.496,1261
010,1,2-0,0.739,567
010,1,2-1,0.754,798
010,1,2-2,0.577,1226
010,1,3-0,0.826,219
010,1,3-1,0.781,384
010,1,3-2,0.669,791
010,2,0-0,0.313,4077
010,2,0-1,0.268,2036
010,2,0-2,0.212,1115
010,2,1-0,0.356,1886
010,2,1-1,0.286,1844
010,2,1-2,0.219,1829
010,2,2-0,0.383,784
010,2,2-1,0.322,1113
010,2,2-2,0.241,1790
010,2,3-0,0.414,350
010,2,3-1,0.333,505
010,2,3-2,0.296,1194
011,0,0-0,2.042,380
011,0,0-1,1.913,196
011,0,0-2,1.776,116
011,0,1-0,2.088,170
011,0,1-1,1.949,158
011,0,1-2,2.037,161
011,0,2-0,2.162,74
011,0,2-1,1.945,91
011,0,2-2,1.688,138
011,0,3-0,2.265,34
011,0,3-1,2.667,48
011,0,3-2,2.194,103
011,1,0-0,1.388,977
011,1,0-1,1.235,439
011,1,0-2,1.166,241
011,1,1-0,1.483,460
011,1,1-1,1.291,406
011,1,1-2,1.067,404
011,1,2-0,1.681,188
011,1,2-1,1.423,213
011,1,2-2,1.153,360
011,1,3-0,1.6,100
011,1,3-1,1.419,105
011,1,3-2,1.281,249
011,2,0-0,0.519,1015
011,2,0-1,0.481,530
011,2,0-2,0.346,289
011,2,1-0,0.562,489
011,2,1-1,0.508,486
011,2,1-2,0.396,543
011,2,2-0,0.513,236
011,2,2-1,0.529,297
011,2,2-2,0.42,519
011,2,3-0,0.624,125
011,2,3-1,0.629,140
011,2,3-2,0.57,344
100,0,0-0,0.892,7895
100,0,0-1,0.845,3795
100,0,0-2,0.716,1957
100,0,1-0,0.92,2932
100,0,1-1,0.862,2833
100,0,1-2,0.772,2652
100,0,2-0,1.13,968
100,0,2-1,0.95,1388
100,0,2-2,0.853,2077
100,0,3-0,1.429,317
100,0,3-1,1.126,620
100,0,3-2,0.955,1193
100,1,0-0,0.528,9706
100,1,0-1,0.46,4605
100,1,0-2,0.412,2434
100,1,1-0,0.588,3644
100,1,1-1,0.501,3459
100,1,1-2,0.463,3294
100,1,2-0,0.744,1156
100,1,2-1,0.609,1699
100,1,2-2,0.536,2510
100,1,3-0,0.854,363
100,1,3-1,0.757,713
100,1,3-2,0.647,1421
100,2,0-0,0.232,9945
100,2,0-1,0.204,4751
100,2,0-2,0.137,2517
100,2,1-0,0.253,3587
100,2,1-1,0.233,3330
100,2,1-2,0.172,3159
100,2,2-0,0.274,1228
100,2,2-1,0.236,1713
100,2,2-2,0.21,2492
100,2,3-0,0.42,371
100,2,3-1,0.301,700
100,2,3-2,0.262,1414
101,0,0-0,1.751,690
101,0,0-1,1.635,304
101,0,0-2,1.478,161
101,0,1-0,1.805,256
101,0,1-1,1.584,226
101,0,1-2,1.465,217
101,0,2-0,2.205,78
101,0,2-1,1.815,108
101,0,2-2,1.509,159
101,0,3-0,2.44,25
101,0,3-1,2.543,46
101,0,3-2,2.336,107
101,1,0-0,1.165,1493
101,1,0-1,1.141,673
101,1,0-2,1.081,347
101,1,1-0,1.142,550
101,1,1-1,1.126,470
101,1,1-2,1.024,459
101,1,2-0,1.192,177
101,1,2-1,1.159,232
101,1,2-2,0.97,328
101,1,3-0,1.719,57
101,1,3-1,1.356,101
101,1,3-2,1.058,190
101,2,0-0,0.523,2138
101,2,0-1,0.466,987
101,2,0-2,0.349,522
101,2,1-0,0.561,813
101,2,1-1,0.56,728
101,2,1-2,0.326,608
101,2,2-0,0.559,281
101,2,2-1,0.514,395
101,2,2-2,0.512,484
101,2,3-0,0.693,88
101,2,3-1,0.5,168
101,2,3-2,0.521,282
110,0,0-0,1.56,2045
110,0,0-1,1.45,911
110,0,0-2,1.265,457
110,0,1-0,1.707,762
110,0,1-1,1.654,677
110,0,1-2,1.381,616
110,0,2-0,1.736,261
110,0,2-1,1.827,364
110,0,2-2,1.63,521
110,0,3-0,2.179,84
110,0,3-1,2.09,156
110,0,3-2,1.767,296
110,1,0-0,0.937,3444
110,1,0-1,0.854,1681
110,1,0-2,0.693,886
110,1,1-0,1.012,1293
110,1,1-1,0.892,1232
110,1,1-2,0.739,1176
110,1,2-0,1.188,442
110,1,2-1,1.073,601
110,1,2-2,0.854,954
110,1,3-0,1.333,141
110,1,3-1,1.263,262
110,1,3-2,1.057,583
110,2,0-0,0.458,4234
110,2,0-1,0.4,2041
110,2,0-2,0.309,1102
110,2,1-0,0.505,1662
110,2,1-1,0.411,1566
110,2,1-2,0.348,1591
110,2,2-0,0.62,582
110,2,2-1,0.466,786
110,2,2-2,0.337,1304
110,2,3-0,0.824,182
110,2,3-1,0.647,329
110,2,3-2,0.495,773
111,0,0-0,2.463,642
111,0,0-1,2.313,313
111,0,0-2,2.23,178
111,0,1-0,2.515,233
111,0,1-1,2.35,223
111,0,1-2,2.048,231
111,0,2-0,2.789,71
111,0,2-1,2.427,103
111,0,2-2,2.197,173
111,0,3-0,3.167,18
111,0,3-1,2.767,43
111,0,3-2,2.682,85
111,1,0-0,1.637,1293
111,1,0-1,1.585,615
111,1,0-2,1.363,284
111,1,1-0,1.667,499
111,1,1-1,1.565,481
111,1,1-2,1.362,425
111,1,2-0,2.013,155
111,1,2-1,1.825,229
111,1,2-2,1.573,328
111,1,3-0,1.778,54
111,1,3-1,1.98,99
111,1,3-2,1.892,194
111,2,0-0,0.718,1547
111,2,0-1,0.578,753
111,2,0-2,0.503,447
111,2,1-0,0.805,632
111,2,1-1,0.628,596
111,2,1-2,0.503,582
111,2,2-0,1.031,223
111,2,2-1,0.853,292
111,2,2-2,0.655,496
111,2,3-0,1.267,75
111,2,3-1,1.149,141
111,2,3-2,0.856,277
